gene,module,screen,scope,contrast,n_test,n_comp,med_test,med_comp,effect,mw_p,perm_p,ci_lo,ci_hi
ITGAV,FAK / focal-adhesion,CRISPR,PAN,B_vs_C,6,838,-0.4575151720102739,-0.4844484379102467,-0.026933265899972803,0.6594372803516971,0.5767284654306913,-0.2652559487794176,0.27379644722895746
ITGB5,FAK / focal-adhesion,CRISPR,PAN,B_vs_C,6,838,-0.26016762346277794,-0.21350135184570315,0.04666627161707479,0.5055554239139106,0.3899922001559969,-0.1498379172304152,0.17531176887201436
FERMT2,FAK / focal-adhesion,CRISPR,PAN,B_vs_C,6,838,-0.2177371085661654,-0.4058259995704583,-0.18808889100429288,0.9358436810241437,0.9035419291614167,-0.2933962205911861,0.024442413191581858
PTK2,FAK / focal-adhesion,CRISPR,PAN,A_vs_C,183,838,-0.6018908672506884,-0.45588560676674933,0.14600526048393908,0.0003176637569682538,1.999960000799984e-05,0.07684921030661568,0.21708693547161861
VCL,FAK / focal-adhesion,CRISPR,PAN,A_vs_C,183,838,-0.418072067310806,-0.35517179972328794,0.06290026758751804,1.3544465086709538e-05,0.00021999560008799824,0.0320419569225029,0.1182514907157466
ITGAV,FAK / focal-adhesion,CRISPR,PAN,A_vs_C,183,838,-0.6504624398868407,-0.4844484379102467,0.166014001976594,6.99246463492203e-05,0.001999960000799984,0.04949354242203289,0.35098505310156386
ITGB5,FAK / focal-adhesion,CRISPR,PAN,A_vs_C,183,838,-0.3015648389839056,-0.21350135184570315,0.08806348713820247,8.281733240675759e-05,0.0023199536009279815,0.04754579996473621,0.14905856210434631
TLN1,FAK / focal-adhesion,CRISPR,PAN,A_vs_C,183,838,-0.4303667499390713,-0.30489780590786114,0.12546894403121017,1.3104798497677159e-05,7.999840003199936e-05,0.05160267624883183,0.19849601229674713
VCL,FAK / focal-adhesion,CRISPR,PAN,B_vs_C,6,838,-0.34864010426590364,-0.35517179972328794,-0.006531695457384301,0.5904237936961807,0.5263094738105238,-0.22865250644118884,0.1426150319203381
PTK2,FAK / focal-adhesion,CRISPR,PAN,B_vs_C,6,838,-0.33478948418640286,-0.45588560676674933,-0.12109612258034647,0.8322796645737143,0.8113637727245455,-0.3215273822604264,0.2072307588943222
TLN1,FAK / focal-adhesion,CRISPR,PAN,B_vs_C,6,838,-0.21129359061923395,-0.30489780590786114,-0.0936042152886272,0.905537963112293,0.7324653506929861,-0.5223953801905747,0.058068878170792426
FERMT2,FAK / focal-adhesion,CRISPR,PAN,A_vs_C,183,838,-0.5383380090589992,-0.4058259995704583,0.13251200948854092,0.001449173253323285,0.00499990000199996,0.04513604927950521,0.22875779852258665
ILK,FAK / focal-adhesion,CRISPR,PAN,B_vs_C,6,838,-0.2249283972015168,-0.3405085276065853,-0.11558013040506848,0.9458992940607092,0.7689246215075698,-0.4341641303720626,-0.0169771781121528
BCAR1,FAK / focal-adhesion,CRISPR,PAN,B_vs_C,6,838,-0.20339798275350313,-0.13130338422720456,0.07209459852629857,0.3202916490698886,0.2381552368952621,-0.11465177784486591,0.16771805389642144
PXN,FAK / focal-adhesion,CRISPR,PAN,B_vs_C,6,838,-0.19527309555465786,-0.23522033751720475,-0.0399472419625469,0.5485777725253784,0.6554868902621948,-0.22119220602178535,0.3255020958213237
ILK,FAK / focal-adhesion,CRISPR,PAN,A_vs_C,183,838,-0.3845025113434761,-0.3405085276065853,0.04399398373689084,0.06743405132211144,0.0739985200295994,-0.0194346087516122,0.10105154984201914
BCAR1,FAK / focal-adhesion,CRISPR,PAN,A_vs_C,183,838,-0.179208231520609,-0.13130338422720456,0.04790484729340444,0.003219170081565569,0.0068198636027279455,0.02600179812865565,0.0865502331657302
PXN,FAK / focal-adhesion,CRISPR,PAN,A_vs_C,183,838,-0.2450427395361467,-0.23522033751720475,0.00982240201894194,0.48868659512970813,0.33189336213275733,-0.02220437594404351,0.04093970734303988
WWTR1,YAP/TAZ-TEAD output,CRISPR,PAN,B_vs_C,6,838,-0.14728217870909688,-0.2553743258133724,-0.1080921471042755,0.9331845263719722,0.9169016619667607,-0.21142525125175832,0.07091822422177153
WWTR1,YAP/TAZ-TEAD output,CRISPR,PAN,A_vs_C,183,838,-0.3430623193475039,-0.2553743258133724,0.08768799353413154,0.00019753832912629174,0.00037999240015199694,0.050418554472678956,0.12057662236966524
TEAD2,YAP/TAZ-TEAD output,CRISPR,PAN,B_vs_C,6,838,-0.15233481997586912,-0.1110025367930822,0.04133228318278692,0.15458828524555498,0.18523629527409452,-0.040620868305423025,0.11008933214594539
YAP1,YAP/TAZ-TEAD output,CRISPR,PAN,B_vs_C,6,838,-0.16593006032971885,-0.2515217161444265,-0.08559165581470762,0.8393385588370582,0.8151436971260575,-0.18750177631441123,0.1046250216473027
TEAD3,YAP/TAZ-TEAD output,CRISPR,PAN,B_vs_C,6,838,-0.3355790617336132,-0.23586261676430614,0.09971644496930704,0.16562481863039444,0.08179836403271934,-0.16670239024616548,0.16319875219690083
TEAD2,YAP/TAZ-TEAD output,CRISPR,PAN,A_vs_C,183,838,-0.0919891142556498,-0.1110025367930822,-0.019013422537432392,0.9470530832449867,0.9592808143837124,-0.03477282651799833,0.008045916256695575
TEAD3,YAP/TAZ-TEAD output,CRISPR,PAN,A_vs_C,183,838,-0.2570540497794902,-0.23586261676430614,0.021191433015184058,0.06245706513987438,0.09565808683826324,-0.008625244257083671,0.04204857084905392
YAP1,YAP/TAZ-TEAD output,CRISPR,PAN,A_vs_C,183,838,-0.2522807019054999,-0.2515217161444265,0.0007589857610734163,0.3875545971103477,0.4790704185916282,-0.02882703071940946,0.041743588733253456
PTK2,FAK / focal-adhesion,CRISPR,CNS,B_vs_C,0,39,,,,,,,
TEAD4,YAP/TAZ-TEAD output,CRISPR,PAN,B_vs_C,6,838,-0.1946199215932935,-0.1227641451098421,0.0718557764834514,0.26697381232085193,0.12965740685186297,-0.1397805147363328,0.17049887229176264
ITGAV,FAK / focal-adhesion,CRISPR,CNS,B_vs_C,0,39,,,,,,,
PRMT5,CTRL MTAP-synth-leth,CRISPR,PAN,B_vs_C,6,838,-1.4460219580161182,-0.9835860944878304,0.4624358635282878,0.048732717192342144,7.999840003199936e-05,-0.3771761977875602,0.6869467709138855
TLN1,FAK / focal-adhesion,CRISPR,CNS,B_vs_C,0,39,,,,,,,
PTK2,FAK / focal-adhesion,CRISPR,CNS,A_vs_C,28,39,-0.8322020784611375,-0.5541670344579817,0.2780350440031558,0.037043064972426216,0.06579868402631947,-0.03323159614373894,0.5160505463363732
VCL,FAK / focal-adhesion,CRISPR,CNS,B_vs_C,0,39,,,,,,,
TEAD4,YAP/TAZ-TEAD output,CRISPR,PAN,A_vs_C,183,838,-0.1209609672770116,-0.1227641451098421,-0.001803177832830502,0.7427283018056925,0.5542289154216916,-0.02433150608027276,0.02228455985368389
FERMT2,FAK / focal-adhesion,CRISPR,CNS,B_vs_C,0,39,,,,,,,
TLN1,FAK / focal-adhesion,CRISPR,CNS,A_vs_C,28,39,-0.5662135600096394,-0.2679315179474827,0.2982820420621567,1.658221479180621e-05,3.999920001599968e-05,0.1294562367105293,0.37814658515223926
ITGB5,FAK / focal-adhesion,CRISPR,CNS,B_vs_C,0,39,,,,,,,
ITGAV,FAK / focal-adhesion,CRISPR,CNS,A_vs_C,28,39,-1.1086247857142617,-0.7960538946034187,0.312570891110843,0.004665677425303759,0.0124197516049679,0.10543104025101502,0.5213385166884541
ILK,FAK / focal-adhesion,CRISPR,CNS,B_vs_C,0,39,,,,,,,
TEAD1,YAP/TAZ-TEAD output,CRISPR,PAN,B_vs_C,6,838,-0.11258444955147831,-0.1675015129946162,-0.054917063443137876,0.7569430833861794,0.7202455950880983,-0.1258662964254964,0.07262879225344346
PXN,FAK / focal-adhesion,CRISPR,CNS,B_vs_C,0,39,,,,,,,
VCL,FAK / focal-adhesion,CRISPR,CNS,A_vs_C,28,39,-0.6476850042453046,-0.4202404132956435,0.22744459094966113,0.00019977460554848812,0.00047999040019199615,0.09633510237087009,0.37883129813016725
BCAR1,FAK / focal-adhesion,CRISPR,CNS,B_vs_C,0,39,,,,,,,
FERMT2,FAK / focal-adhesion,CRISPR,CNS,A_vs_C,28,39,-1.1006483700283372,-0.7850058102448443,0.31564255978349287,0.02550823205706767,0.03473930521389572,0.019181831430173,0.5966965627955579
WWTR1,YAP/TAZ-TEAD output,CRISPR,CNS,B_vs_C,0,39,,,,,,,
ITGB5,FAK / focal-adhesion,CRISPR,CNS,A_vs_C,28,39,-0.547715053484745,-0.4279926087302265,0.11972244475451854,0.009183493006419614,0.05511889762204756,-0.03765924203489379,0.4300234657391347
YAP1,YAP/TAZ-TEAD output,CRISPR,CNS,B_vs_C,0,39,,,,,,,
TEAD1,YAP/TAZ-TEAD output,CRISPR,PAN,A_vs_C,183,838,-0.1855779486528975,-0.1675015129946162,0.01807643565828132,0.050744142850614286,0.250654986900262,-0.022330165505327487,0.07721495647447184
TEAD1,YAP/TAZ-TEAD output,CRISPR,CNS,B_vs_C,0,39,,,,,,,
ILK,FAK / focal-adhesion,CRISPR,CNS,A_vs_C,28,39,-0.4625651383844107,-0.2336871442924609,0.2288779940919498,0.005404398344728555,0.00881982360352793,0.07800698812029061,0.4095209592636636
TEAD2,YAP/TAZ-TEAD output,CRISPR,CNS,B_vs_C,0,39,,,,,,,
YAP1,YAP/TAZ-TEAD output,CRISPR,CNS,A_vs_C,28,39,-0.3582640404882609,-0.2240018757883391,0.13426216469992178,0.014158180364624769,0.01873962520749585,0.0242542846402653,0.2091505712460087
TEAD3,YAP/TAZ-TEAD output,CRISPR,CNS,B_vs_C,0,39,,,,,,,
WWTR1,YAP/TAZ-TEAD output,CRISPR,CNS,A_vs_C,28,39,-0.44908567018974,-0.3220955371301326,0.12699013305960738,0.04605388339781056,0.09317813643727126,-0.05493151788940853,0.25612134620711846
TEAD4,YAP/TAZ-TEAD output,CRISPR,CNS,B_vs_C,0,39,,,,,,,
TEAD1,YAP/TAZ-TEAD output,CRISPR,CNS,A_vs_C,28,39,-0.4047953219935731,-0.2326859343326066,0.1721093876609665,0.011629624668101397,0.004579908401831963,-0.071325597288349,0.33501080705987263
PRMT5,CTRL MTAP-synth-leth,CRISPR,CNS,B_vs_C,0,39,,,,,,,
PXN,FAK / focal-adhesion,CRISPR,CNS,A_vs_C,28,39,-0.206626093898526,-0.1990195413852999,0.007606552513226089,0.5430238600588069,0.47085058298834026,-0.08771076040242835,0.1107101220242645
MAT2A,CTRL MTAP-synth-leth,CRISPR,CNS,B_vs_C,0,39,,,,,,,
BCAR1,FAK / focal-adhesion,CRISPR,CNS,A_vs_C,28,39,-0.15876429550950755,-0.0972707318549866,0.06149356365452095,0.06762732416609309,0.08581828363432731,-0.04448691261504372,0.16175256180411668
MTAP,CTRL neutral,CRISPR,CNS,B_vs_C,0,39,,,,,,,
PRMT5,CTRL MTAP-synth-leth,CRISPR,PAN,A_vs_C,183,838,-1.1710833506938374,-0.9835860944878304,0.187497256206007,1.842358659896374e-15,1.999960000799984e-05,0.1041125370413156,0.24108192241171977
PTK2,FAK / focal-adhesion,RNAi,PAN,B_vs_C,3,458,,,,,,,
TEAD4,YAP/TAZ-TEAD output,CRISPR,CNS,A_vs_C,28,39,-0.11653772762081885,-0.1246356200133945,-0.008097892392575648,0.5731221814510841,0.5850682986340273,-0.0906439413209219,0.0713058866659003
ITGAV,FAK / focal-adhesion,RNAi,PAN,B_vs_C,3,459,,,,,,,
PRMT5,CTRL MTAP-synth-leth,CRISPR,CNS,A_vs_C,28,39,-1.1214350942446072,-0.9517111693580624,0.16972392488654475,0.005404398344728555,0.0032199356012879744,0.015222702648516107,0.3629267312832025
TLN1,FAK / focal-adhesion,RNAi,PAN,B_vs_C,3,398,,,,,,,
TEAD3,YAP/TAZ-TEAD output,CRISPR,CNS,A_vs_C,28,39,-0.27081660830499865,-0.2453157018070687,0.025500906497929965,0.13574978654070669,0.2754144917101658,-0.05147840584851676,0.10522091316917428
VCL,FAK / focal-adhesion,RNAi,PAN,B_vs_C,2,230,,,,,,,
MAT2A,CTRL MTAP-synth-leth,CRISPR,CNS,A_vs_C,28,39,-1.5548740503476355,-1.5335659927918757,0.02130805755575982,0.4469071395102667,0.46725065498690027,-0.33852220305599,0.3367165287256657
FERMT2,FAK / focal-adhesion,RNAi,PAN,B_vs_C,3,404,,,,,,,
TEAD2,YAP/TAZ-TEAD output,CRISPR,CNS,A_vs_C,28,39,-0.1045326637464349,-0.1274129657295613,-0.02288030198312639,0.9289849677760913,0.876502469950601,-0.09238159879895183,0.01945318180711625
ITGB5,FAK / focal-adhesion,RNAi,PAN,B_vs_C,3,459,,,,,,,
MTAP,CTRL neutral,CRISPR,CNS,A_vs_C,28,39,0.0470008422745029,-0.1210756266892853,-0.1680764689637882,0.9999999931080265,1.0,-0.2252516806130534,-0.10464315039759971
ILK,FAK / focal-adhesion,RNAi,PAN,B_vs_C,3,461,,,,,,,
VCL,FAK / focal-adhesion,RNAi,PAN,A_vs_C,45,230,0.0789719759103,0.0842018876596,0.005229911749300001,0.49468532780153296,0.3843323133537329,-0.07570153214025001,0.0547861337946
PXN,FAK / focal-adhesion,RNAi,PAN,B_vs_C,2,230,,,,,,,
TLN1,FAK / focal-adhesion,RNAi,PAN,A_vs_C,89,398,-0.372203778352,-0.2393511734795,0.13285260487250003,0.00128532474837794,0.0033599328013439733,0.04206209010337505,0.21542953569126244
BCAR1,FAK / focal-adhesion,RNAi,PAN,B_vs_C,3,460,,,,,,,
ITGB5,FAK / focal-adhesion,RNAi,PAN,A_vs_C,109,459,-0.149248628881,-0.125183580789,0.024065048091999997,0.09085371362025252,0.08111837763244735,-0.007789556444999998,0.06441761036500002
WWTR1,YAP/TAZ-TEAD output,RNAi,PAN,B_vs_C,3,460,,,,,,,
FERMT2,FAK / focal-adhesion,RNAi,PAN,A_vs_C,89,404,-0.146044164581,-0.101033369618,0.045010794963000006,0.017843574671471893,0.06693866122677547,-0.025394110114,0.12950504926349998
YAP1,YAP/TAZ-TEAD output,RNAi,PAN,B_vs_C,3,461,,,,,,,
PXN,FAK / focal-adhesion,RNAi,PAN,A_vs_C,45,230,-0.119907021264,-0.12334076131749999,-0.003433740053499987,0.4726296940874941,0.5262294754104918,-0.07544791043100002,0.06536201126425498
TEAD1,YAP/TAZ-TEAD output,RNAi,PAN,B_vs_C,3,460,,,,,,,
MAT2A,CTRL MTAP-synth-leth,CRISPR,PAN,A_vs_C,183,838,-1.8328760689428572,-1.7458637146905218,0.08701235425233533,0.0021319268857639536,0.006799864002719946,0.024098912930390494,0.16784225485577586
TEAD2,YAP/TAZ-TEAD output,RNAi,PAN,B_vs_C,3,460,,,,,,,
ITGAV,FAK / focal-adhesion,RNAi,PAN,A_vs_C,109,459,-0.169894631212,-0.0660125073654,0.10388212384659999,0.05138438773967462,0.026859462810743785,-0.021058567815299994,0.2106197491829
TEAD3,YAP/TAZ-TEAD output,RNAi,PAN,B_vs_C,3,460,,,,,,,
MTAP,CTRL neutral,CRISPR,PAN,B_vs_C,6,838,-0.07571203540326615,-0.0960712684995507,-0.02035923309628454,0.5737767290310319,0.6598268034639307,-0.17620061014356905,0.16899956744579342
TEAD4,YAP/TAZ-TEAD output,RNAi,PAN,B_vs_C,3,460,,,,,,,
MTAP,CTRL neutral,CRISPR,PAN,A_vs_C,183,838,0.0599788241769817,-0.0960712684995507,-0.1560500926765324,1.0,1.0,-0.17259956851954023,-0.13734706740460562
PRMT5,CTRL MTAP-synth-leth,RNAi,PAN,B_vs_C,3,460,,,,,,,
BCAR1,FAK / focal-adhesion,RNAi,PAN,A_vs_C,108,460,-0.1870979893535,-0.1205900131365,0.066507976217,0.012408384370605924,0.002739945201095978,0.00013506012874998916,0.13651481711508742
MAT2A,CTRL MTAP-synth-leth,RNAi,PAN,B_vs_C,3,459,,,,,,,
PTK2,FAK / focal-adhesion,RNAi,PAN,A_vs_C,108,458,-0.08850354574800001,-0.06749697010469999,0.021006575643300024,0.09600884207679583,0.19541609167816643,-0.032828622764450005,0.0730226441715248
MTAP,CTRL neutral,RNAi,PAN,B_vs_C,3,460,,,,,,,
ILK,FAK / focal-adhesion,RNAi,PAN,A_vs_C,109,461,-0.301981162562,-0.280188820169,0.02179234239300004,0.04033941796240281,0.23123537529249416,-0.026726612995999988,0.072128793139
PTK2,FAK / focal-adhesion,RNAi,CNS,B_vs_C,0,18,,,,,,,
PTK2,FAK / focal-adhesion,RNAi,CNS,A_vs_C,18,18,-0.198353181244,0.10699475093695,0.30534793218095,0.01911741790300437,0.007979840403191937,-0.014586880558350016,0.37377012555798744
ITGAV,FAK / focal-adhesion,RNAi,CNS,B_vs_C,0,18,,,,,,,
WWTR1,YAP/TAZ-TEAD output,RNAi,PAN,A_vs_C,108,460,-0.131347692683,-0.11288961961499999,0.018458073068000014,0.11998546425654,0.2370952580948381,-0.026782730301185005,0.06526527343950994
TLN1,FAK / focal-adhesion,RNAi,CNS,B_vs_C,0,11,,,,,,,
VCL,FAK / focal-adhesion,RNAi,CNS,A_vs_C,2,7,,,,,,,
VCL,FAK / focal-adhesion,RNAi,CNS,B_vs_C,0,7,,,,,,,
TLN1,FAK / focal-adhesion,RNAi,CNS,A_vs_C,10,11,-0.34873435693599997,-0.202368421613,0.14636593532299996,0.09633334799943599,0.17279654406911862,-0.16691769878950002,0.462548150357
FERMT2,FAK / focal-adhesion,RNAi,CNS,B_vs_C,0,11,,,,,,,
YAP1,YAP/TAZ-TEAD output,RNAi,PAN,A_vs_C,109,461,-0.0310349056984,-0.0667579067305,-0.0357230010321,0.9613156700251306,0.9039819203615928,-0.0981151286998,-0.0009821684866999983
ITGB5,FAK / focal-adhesion,RNAi,CNS,B_vs_C,0,18,,,,,,,
ITGAV,FAK / focal-adhesion,RNAi,CNS,A_vs_C,18,18,-0.31777136066449996,-0.03758446886584,0.28018689179865996,0.10003304528158391,0.062038759224815505,-0.20872643472150004,0.541803051601872
ILK,FAK / focal-adhesion,RNAi,CNS,B_vs_C,0,18,,,,,,,
PXN,FAK / focal-adhesion,RNAi,CNS,A_vs_C,2,7,,,,,,,
PXN,FAK / focal-adhesion,RNAi,CNS,B_vs_C,0,7,,,,,,,
FERMT2,FAK / focal-adhesion,RNAi,CNS,A_vs_C,11,11,-0.327438735692,-0.210217657263,0.11722107842899998,0.2557029609250582,0.11989760204795905,-0.21655721249528,0.6013923380341
BCAR1,FAK / focal-adhesion,RNAi,CNS,B_vs_C,0,18,,,,,,,
TEAD3,YAP/TAZ-TEAD output,RNAi,PAN,A_vs_C,108,460,-0.112734509077,-0.0716338302185,0.041100678858499995,0.011853808505549405,0.010539789204215916,0.009706262704800003,0.06910005575470501
WWTR1,YAP/TAZ-TEAD output,RNAi,CNS,B_vs_C,0,18,,,,,,,
ILK,FAK / focal-adhesion,RNAi,CNS,A_vs_C,18,18,-0.3663646354155,-0.32643921114249996,0.039925424273000054,0.2791682687540892,0.2387152256954861,-0.10410800191337502,0.17037774196314925
YAP1,YAP/TAZ-TEAD output,RNAi,CNS,B_vs_C,0,18,,,,,,,
YAP1,YAP/TAZ-TEAD output,RNAi,CNS,A_vs_C,18,18,-0.07987577920745001,-0.10174427498885,-0.021868495781399988,0.6060074932361814,0.5635087298254035,-0.19178866449249998,0.1337836393108
TEAD1,YAP/TAZ-TEAD output,RNAi,CNS,B_vs_C,0,18,,,,,,,
WWTR1,YAP/TAZ-TEAD output,RNAi,CNS,A_vs_C,18,18,-0.163342873064,-0.1533827622615,0.009960110802500005,0.3008223202480922,0.4603107937841243,-0.16414380342565,0.26709977060355
TEAD2,YAP/TAZ-TEAD output,RNAi,CNS,B_vs_C,0,18,,,,,,,
MAT2A,CTRL MTAP-synth-leth,CRISPR,PAN,B_vs_C,6,838,-1.6169850778306563,-1.7458637146905218,-0.12887863685986556,0.6306889195142689,0.7624647507049859,-0.49707756979877704,0.3833978464320351
TEAD3,YAP/TAZ-TEAD output,RNAi,CNS,B_vs_C,0,18,,,,,,,
ITGB5,FAK / focal-adhesion,RNAi,CNS,A_vs_C,18,18,-0.1283695344765,-0.14726254074,-0.01889300626349999,0.6060074932361814,0.6378672426551469,-0.1641083077125,0.1680653577460845
TEAD4,YAP/TAZ-TEAD output,RNAi,CNS,B_vs_C,0,18,,,,,,,
BCAR1,FAK / focal-adhesion,RNAi,CNS,A_vs_C,18,18,-0.314175408494,-0.04612185029,0.268053558204,0.0002987044184716376,0.00037999240015199694,0.13331799231905375,0.37762659286975003
PRMT5,CTRL MTAP-synth-leth,RNAi,CNS,B_vs_C,0,18,,,,,,,
TEAD1,YAP/TAZ-TEAD output,RNAi,CNS,A_vs_C,18,18,-0.43323665785550003,-0.0400930083307,0.3931436495248,0.00042211271790795464,0.0006199876002479951,0.1296207188919,0.7111383082598001
MAT2A,CTRL MTAP-synth-leth,RNAi,CNS,B_vs_C,0,18,,,,,,,
TEAD2,YAP/TAZ-TEAD output,RNAi,CNS,A_vs_C,18,18,-0.09529674433855,-0.10340764067455,-0.008110896335999998,0.653756582241916,0.5898882022359553,-0.08051196865219999,0.07120013829885
MTAP,CTRL neutral,RNAi,CNS,B_vs_C,0,18,,,,,,,
TEAD3,YAP/TAZ-TEAD output,RNAi,CNS,A_vs_C,18,18,-0.14286764452700002,-0.061188434856350005,0.08167920967065001,0.10003304528158391,0.0987980240395192,-0.06477810155949998,0.15407166465140004
MTAP,CTRL neutral,RNAi,CNS,A_vs_C,18,18,-0.1497531060175,-0.08273410305465001,0.06701900296284999,0.17532256091594317,0.14291714165716685,-0.06265298695979998,0.17400515831250002
TEAD4,YAP/TAZ-TEAD output,RNAi,CNS,A_vs_C,18,18,-0.02836585744055,0.00660292238512,0.03496877982567,0.25830129111852174,0.1998560028799424,-0.09199305674960001,0.14164176892851002
PRMT5,CTRL MTAP-synth-leth,RNAi,CNS,A_vs_C,18,18,-0.704368011385,-0.27214609988250005,0.4322219115025,8.205132774890338e-07,1.999960000799984e-05,0.25583916784399996,0.8756502699144998
TEAD1,YAP/TAZ-TEAD output,RNAi,PAN,A_vs_C,108,460,-0.1375613118545,-0.05410337570665,0.08345793614784999,0.0007986358622904171,0.007399852002959941,0.02152392577031376,0.16249050286079997
MAT2A,CTRL MTAP-synth-leth,RNAi,CNS,A_vs_C,18,18,-0.377238551583,-0.2314729000515,0.1457656515315,0.01911741790300437,0.046019079618407635,-0.047846160719499986,0.3837329767655
TEAD4,YAP/TAZ-TEAD output,RNAi,PAN,A_vs_C,108,460,0.004477855605165,-0.0056556315322599995,-0.010133487137424999,0.7299881182745941,0.7345253094938101,-0.032223491917789,0.02500960553214471
PRMT5,CTRL MTAP-synth-leth,RNAi,PAN,A_vs_C,108,460,-0.784160130533,-0.2610518955505,0.5231082349825,6.343372031273727e-44,1.999960000799984e-05,0.43047116361135,0.5833000675519124
MAT2A,CTRL MTAP-synth-leth,RNAi,PAN,A_vs_C,109,459,-0.431969683504,-0.2495441677,0.182425515804,4.990262241171218e-12,1.999960000799984e-05,0.10485876929499999,0.265918239287
TEAD2,YAP/TAZ-TEAD output,RNAi,PAN,A_vs_C,108,460,-0.09594195615994999,-0.1081923162825,-0.012250360122550014,0.806281033270889,0.8197036059278815,-0.04067585463171,0.014122081559537458
MTAP,CTRL neutral,RNAi,PAN,A_vs_C,108,460,-0.11166038126,-0.06916695753415,0.042493423725849994,0.0019997874478294006,0.010279794404111918,0.01714602910075625,0.07494461361045746
