gene,module,screen,scope,contrast,n_test,n_comp,med_test,med_comp,effect,mw_p,perm_p,ci_lo,ci_hi,null_mode
ITGAV,FAK / focal-adhesion,CRISPR,PAN,B_vs_C,6,838,-0.4575151720102739,-0.4844484379102467,-0.026933265899972803,0.6594372803516971,0.5821683566328674,-0.26550724278660653,0.275032550840294,both
PTK2,FAK / focal-adhesion,CRISPR,PAN,B_vs_C,6,838,-0.33478948418640286,-0.45588560676674933,-0.12109612258034647,0.8322796645737143,0.8116837663246735,-0.3233838477246389,0.20849578263901092,both
ITGB5,FAK / focal-adhesion,CRISPR,PAN,B_vs_C,6,838,-0.26016762346277794,-0.21350135184570315,0.04666627161707479,0.5055554239139106,0.3899522009559809,-0.14982271291898008,0.17681686953175607,both
FERMT2,FAK / focal-adhesion,CRISPR,PAN,B_vs_C,6,838,-0.2177371085661654,-0.4058259995704583,-0.18808889100429288,0.9358436810241437,0.9022619547609048,-0.29209353285620565,0.02431976742567299,both
ITGAV,FAK / focal-adhesion,CRISPR,PAN,A_vs_C,183,838,-0.6504624398868407,-0.4844484379102467,0.166014001976594,6.99246463492203e-05,0.002719945601087978,0.0491462764799447,0.3484408377424313,both
PTK2,FAK / focal-adhesion,CRISPR,PAN,A_vs_C,183,838,-0.6018908672506884,-0.45588560676674933,0.14600526048393908,0.0003176637569682538,1.999960000799984e-05,0.07545892545132127,0.2163894493857233,both
VCL,FAK / focal-adhesion,CRISPR,PAN,A_vs_C,183,838,-0.418072067310806,-0.35517179972328794,0.06290026758751804,1.3544465086709538e-05,0.0002799944001119978,0.03212958669057192,0.11794353956605352,both
TLN1,FAK / focal-adhesion,CRISPR,PAN,A_vs_C,183,838,-0.4303667499390713,-0.30489780590786114,0.12546894403121017,1.3104798497677159e-05,7.999840003199936e-05,0.05127135074827663,0.1990312327237933,both
VCL,FAK / focal-adhesion,CRISPR,PAN,B_vs_C,6,838,-0.34864010426590364,-0.35517179972328794,-0.006531695457384301,0.5904237936961807,0.5281894362112758,-0.2286479016785248,0.1403766826181846,both
TLN1,FAK / focal-adhesion,CRISPR,PAN,B_vs_C,6,838,-0.21129359061923395,-0.30489780590786114,-0.0936042152886272,0.905537963112293,0.7395852082958341,-0.5208375727847525,0.058188862804818296,both
ITGB5,FAK / focal-adhesion,CRISPR,PAN,A_vs_C,183,838,-0.3015648389839056,-0.21350135184570315,0.08806348713820247,8.281733240675759e-05,0.0023399532009359815,0.04741932902077067,0.14921563959837314,both
FERMT2,FAK / focal-adhesion,CRISPR,PAN,A_vs_C,183,838,-0.5383380090589992,-0.4058259995704583,0.13251200948854092,0.001449173253323285,0.0046999060018799626,0.044322932025388395,0.2292741132124595,both
ILK,FAK / focal-adhesion,CRISPR,PAN,B_vs_C,6,838,-0.2249283972015168,-0.3405085276065853,-0.11558013040506848,0.9458992940607092,0.7670246595068099,-0.43077592111093693,-0.017140444838104285,both
PXN,FAK / focal-adhesion,CRISPR,PAN,B_vs_C,6,838,-0.19527309555465786,-0.23522033751720475,-0.0399472419625469,0.5485777725253784,0.6527069458610828,-0.22200286174181236,0.3235406595201884,both
BCAR1,FAK / focal-adhesion,CRISPR,PAN,B_vs_C,6,838,-0.20339798275350313,-0.13130338422720456,0.07209459852629857,0.3202916490698886,0.23875522489550208,-0.11376389353361319,0.16747961997025684,both
ILK,FAK / focal-adhesion,CRISPR,PAN,A_vs_C,183,838,-0.3845025113434761,-0.3405085276065853,0.04399398373689084,0.06743405132211144,0.0742385152296954,-0.02038230779383232,0.10252482129432526,both
BCAR1,FAK / focal-adhesion,CRISPR,PAN,A_vs_C,183,838,-0.179208231520609,-0.13130338422720456,0.04790484729340444,0.003219170081565569,0.006439871202575949,0.02649046243522612,0.08691151315829464,both
PXN,FAK / focal-adhesion,CRISPR,PAN,A_vs_C,183,838,-0.2450427395361467,-0.23522033751720475,0.00982240201894194,0.48868659512970813,0.3316133677326453,-0.02238159116139302,0.04094814641175842,both
WWTR1,YAP/TAZ-TEAD output,CRISPR,PAN,B_vs_C,6,838,-0.14728217870909688,-0.2553743258133724,-0.1080921471042755,0.9331845263719722,0.9198416031679366,-0.21001344184571577,0.07284880243350172,both
WWTR1,YAP/TAZ-TEAD output,CRISPR,PAN,A_vs_C,183,838,-0.3430623193475039,-0.2553743258133724,0.08768799353413154,0.00019753832912629174,0.00037999240015199694,0.05040117031699392,0.12059960325719046,both
TEAD2,YAP/TAZ-TEAD output,CRISPR,PAN,B_vs_C,6,838,-0.15233481997586912,-0.1110025367930822,0.04133228318278692,0.15458828524555498,0.18375632487350252,-0.040620868305423025,0.11035646496820153,both
TEAD3,YAP/TAZ-TEAD output,CRISPR,PAN,A_vs_C,183,838,-0.2570540497794902,-0.23586261676430614,0.021191433015184058,0.06245706513987438,0.09421811563768724,-0.008833331669254674,0.04223219908428861,both
TEAD3,YAP/TAZ-TEAD output,CRISPR,PAN,B_vs_C,6,838,-0.3355790617336132,-0.23586261676430614,0.09971644496930704,0.16562481863039444,0.07979840403191936,-0.166546557436546,0.16270714766601568,both
YAP1,YAP/TAZ-TEAD output,CRISPR,PAN,B_vs_C,6,838,-0.16593006032971885,-0.2515217161444265,-0.08559165581470762,0.8393385588370582,0.8142237155256895,-0.18968972199948145,0.1030525373765857,both
TEAD2,YAP/TAZ-TEAD output,CRISPR,PAN,A_vs_C,183,838,-0.0919891142556498,-0.1110025367930822,-0.019013422537432392,0.9470530832449867,0.9592608147837043,-0.03503203646405671,0.00854507564696517,both
TEAD4,YAP/TAZ-TEAD output,CRISPR,PAN,B_vs_C,6,838,-0.1946199215932935,-0.1227641451098421,0.0718557764834514,0.26697381232085193,0.12971740565188697,-0.13804259139723335,0.16987236316412963,both
PTK2,FAK / focal-adhesion,CRISPR,CNS,B_vs_C,0,39,,,,,,,,both
PTK2,FAK / focal-adhesion,CRISPR,CNS,A_vs_C,28,39,-0.8322020784611375,-0.5541670344579817,0.2780350440031558,0.037043064972426216,0.06485870282594348,-0.03323159614373894,0.5163202357565759,both
ITGAV,FAK / focal-adhesion,CRISPR,CNS,B_vs_C,0,39,,,,,,,,both
ITGAV,FAK / focal-adhesion,CRISPR,CNS,A_vs_C,28,39,-1.1086247857142617,-0.7960538946034187,0.312570891110843,0.004665677425303759,0.012899742005159897,0.09832829792330833,0.5204048743019675,both
TLN1,FAK / focal-adhesion,CRISPR,CNS,B_vs_C,0,39,,,,,,,,both
TEAD4,YAP/TAZ-TEAD output,CRISPR,PAN,A_vs_C,183,838,-0.1209609672770116,-0.1227641451098421,-0.001803177832830502,0.7427283018056925,0.5552288954220915,-0.02433144509900785,0.022570423313365,both
VCL,FAK / focal-adhesion,CRISPR,CNS,B_vs_C,0,39,,,,,,,,both
TLN1,FAK / focal-adhesion,CRISPR,CNS,A_vs_C,28,39,-0.5662135600096394,-0.2679315179474827,0.2982820420621567,1.658221479180621e-05,1.999960000799984e-05,0.1289302093102824,0.37720836184944795,both
FERMT2,FAK / focal-adhesion,CRISPR,CNS,B_vs_C,0,39,,,,,,,,both
VCL,FAK / focal-adhesion,CRISPR,CNS,A_vs_C,28,39,-0.6476850042453046,-0.4202404132956435,0.22744459094966113,0.00019977460554848812,0.0004399912001759965,0.09633750075043923,0.37480758452962953,both
ITGB5,FAK / focal-adhesion,CRISPR,CNS,B_vs_C,0,39,,,,,,,,both
FERMT2,FAK / focal-adhesion,CRISPR,CNS,A_vs_C,28,39,-1.1006483700283372,-0.7850058102448443,0.31564255978349287,0.02550823205706767,0.03417931641367172,0.016054614366093567,0.5978501575314354,both
ILK,FAK / focal-adhesion,CRISPR,CNS,B_vs_C,0,39,,,,,,,,both
YAP1,YAP/TAZ-TEAD output,CRISPR,PAN,A_vs_C,183,838,-0.2522807019054999,-0.2515217161444265,0.0007589857610734163,0.3875545971103477,0.4752504949901002,-0.02915446540626852,0.041916616291767295,both
PXN,FAK / focal-adhesion,CRISPR,CNS,B_vs_C,0,39,,,,,,,,both
ITGB5,FAK / focal-adhesion,CRISPR,CNS,A_vs_C,28,39,-0.547715053484745,-0.4279926087302265,0.11972244475451854,0.009183493006419614,0.054278914421711566,-0.03765924203489379,0.42945210909728004,both
BCAR1,FAK / focal-adhesion,CRISPR,CNS,B_vs_C,0,39,,,,,,,,both
ILK,FAK / focal-adhesion,CRISPR,CNS,A_vs_C,28,39,-0.4625651383844107,-0.2336871442924609,0.2288779940919498,0.005404398344728555,0.009459810803783924,0.07986478923730261,0.4040419370102668,both
WWTR1,YAP/TAZ-TEAD output,CRISPR,CNS,B_vs_C,0,39,,,,,,,,both
PXN,FAK / focal-adhesion,CRISPR,CNS,A_vs_C,28,39,-0.206626093898526,-0.1990195413852999,0.007606552513226089,0.5430238600588069,0.47029059418811625,-0.08748285678381285,0.110171315565214,both
YAP1,YAP/TAZ-TEAD output,CRISPR,CNS,B_vs_C,0,39,,,,,,,,both
WWTR1,YAP/TAZ-TEAD output,CRISPR,CNS,A_vs_C,28,39,-0.44908567018974,-0.3220955371301326,0.12699013305960738,0.04605388339781056,0.09319813603727925,-0.050080758190960535,0.25642859853826533,both
TEAD1,YAP/TAZ-TEAD output,CRISPR,CNS,B_vs_C,0,39,,,,,,,,both
YAP1,YAP/TAZ-TEAD output,CRISPR,CNS,A_vs_C,28,39,-0.3582640404882609,-0.2240018757883391,0.13426216469992178,0.014158180364624769,0.018959620807583847,0.023294229732865435,0.2058876033215938,both
TEAD2,YAP/TAZ-TEAD output,CRISPR,CNS,B_vs_C,0,39,,,,,,,,both
TEAD1,YAP/TAZ-TEAD output,CRISPR,CNS,A_vs_C,28,39,-0.4047953219935731,-0.2326859343326066,0.1721093876609665,0.011629624668101397,0.004279914401711966,-0.07320000996203618,0.33716234759490166,both
TEAD3,YAP/TAZ-TEAD output,CRISPR,CNS,B_vs_C,0,39,,,,,,,,both
BCAR1,FAK / focal-adhesion,CRISPR,CNS,A_vs_C,28,39,-0.15876429550950755,-0.0972707318549866,0.06149356365452095,0.06762732416609309,0.08633827323453531,-0.04476871673191568,0.163576485816083,both
TEAD4,YAP/TAZ-TEAD output,CRISPR,CNS,B_vs_C,0,39,,,,,,,,both
TEAD2,YAP/TAZ-TEAD output,CRISPR,CNS,A_vs_C,28,39,-0.1045326637464349,-0.1274129657295613,-0.02288030198312639,0.9289849677760913,0.875062498750025,-0.09209843336626525,0.01945318180711625,both
PRMT5,CTRL MTAP-synth-leth,CRISPR,CNS,B_vs_C,0,39,,,,,,,,both
TEAD3,YAP/TAZ-TEAD output,CRISPR,CNS,A_vs_C,28,39,-0.27081660830499865,-0.2453157018070687,0.025500906497929965,0.13574978654070669,0.2771744565108698,-0.049403981466825286,0.10522091316917428,both
MAT2A,CTRL MTAP-synth-leth,CRISPR,CNS,B_vs_C,0,39,,,,,,,,both
TEAD1,YAP/TAZ-TEAD output,CRISPR,PAN,B_vs_C,6,838,-0.11258444955147831,-0.1675015129946162,-0.054917063443137876,0.7569430833861794,0.7227255454890902,-0.1277984263205355,0.07047296045334336,both
MTAP,CTRL neutral,CRISPR,CNS,B_vs_C,0,39,,,,,,,,both
TEAD4,YAP/TAZ-TEAD output,CRISPR,CNS,A_vs_C,28,39,-0.11653772762081885,-0.1246356200133945,-0.008097892392575648,0.5731221814510841,0.5829083418331633,-0.09216148261521251,0.07056012957580511,both
PTK2,FAK / focal-adhesion,RNAi,PAN,B_vs_C,3,458,,,,,,,,both
PRMT5,CTRL MTAP-synth-leth,CRISPR,PAN,B_vs_C,6,838,-1.4460219580161182,-0.9835860944878304,0.4624358635282878,0.048732717192342144,0.00015999680006399873,-0.3771761977875602,0.6855552166079247,both
ITGAV,FAK / focal-adhesion,RNAi,PAN,B_vs_C,3,459,,,,,,,,both
MAT2A,CTRL MTAP-synth-leth,CRISPR,CNS,A_vs_C,28,39,-1.5548740503476355,-1.5335659927918757,0.02130805755575982,0.4469071395102667,0.46863062738745226,-0.33852220305599,0.3308144512646165,both
TLN1,FAK / focal-adhesion,RNAi,PAN,B_vs_C,3,398,,,,,,,,both
MTAP,CTRL neutral,CRISPR,CNS,A_vs_C,28,39,0.0470008422745029,-0.1210756266892853,-0.1680764689637882,0.9999999931080265,1.0,-0.2252516806130534,-0.10523586276822605,both
VCL,FAK / focal-adhesion,RNAi,PAN,B_vs_C,2,230,,,,,,,,both
PRMT5,CTRL MTAP-synth-leth,CRISPR,PAN,A_vs_C,183,838,-1.1710833506938374,-0.9835860944878304,0.187497256206007,1.842358659896374e-15,1.999960000799984e-05,0.10406590230551606,0.24119845200634188,both
FERMT2,FAK / focal-adhesion,RNAi,PAN,B_vs_C,3,404,,,,,,,,both
PRMT5,CTRL MTAP-synth-leth,CRISPR,CNS,A_vs_C,28,39,-1.1214350942446072,-0.9517111693580624,0.16972392488654475,0.005404398344728555,0.0031599368012639748,0.016483292103576463,0.36204466577227334,both
ITGB5,FAK / focal-adhesion,RNAi,PAN,B_vs_C,3,459,,,,,,,,both
TEAD1,YAP/TAZ-TEAD output,CRISPR,PAN,A_vs_C,183,838,-0.1855779486528975,-0.1675015129946162,0.01807643565828132,0.050744142850614286,0.24591508169836604,-0.022636686017573904,0.07650193017633053,both
ILK,FAK / focal-adhesion,RNAi,PAN,B_vs_C,3,461,,,,,,,,both
VCL,FAK / focal-adhesion,RNAi,PAN,A_vs_C,45,230,0.0789719759103,0.0842018876596,0.005229911749300001,0.49468532780153296,0.3865122697546049,-0.07572091665960001,0.055034793648200006,both
PXN,FAK / focal-adhesion,RNAi,PAN,B_vs_C,2,230,,,,,,,,both
TLN1,FAK / focal-adhesion,RNAi,PAN,A_vs_C,89,398,-0.372203778352,-0.2393511734795,0.13285260487250003,0.00128532474837794,0.0030599388012239755,0.041547232236324984,0.21565019619608744,both
BCAR1,FAK / focal-adhesion,RNAi,PAN,B_vs_C,3,460,,,,,,,,both
FERMT2,FAK / focal-adhesion,RNAi,PAN,A_vs_C,89,404,-0.146044164581,-0.101033369618,0.045010794963000006,0.017843574671471893,0.06875862482750345,-0.025557944531450008,0.12976879660774335,both
WWTR1,YAP/TAZ-TEAD output,RNAi,PAN,B_vs_C,3,460,,,,,,,,both
ITGAV,FAK / focal-adhesion,RNAi,PAN,A_vs_C,109,459,-0.169894631212,-0.0660125073654,0.10388212384659999,0.05138438773967462,0.026519469610607787,-0.023256756665199996,0.21114582087942,both
YAP1,YAP/TAZ-TEAD output,RNAi,PAN,B_vs_C,3,461,,,,,,,,both
MAT2A,CTRL MTAP-synth-leth,CRISPR,PAN,B_vs_C,6,838,-1.6169850778306563,-1.7458637146905218,-0.12887863685986556,0.6306889195142689,0.7660246795064098,-0.4975863425293626,0.3834019080965329,both
TEAD1,YAP/TAZ-TEAD output,RNAi,PAN,B_vs_C,3,460,,,,,,,,both
ITGB5,FAK / focal-adhesion,RNAi,PAN,A_vs_C,109,459,-0.149248628881,-0.125183580789,0.024065048091999997,0.09085371362025252,0.08383832323353534,-0.008152630212000023,0.06441761036500002,both
TEAD2,YAP/TAZ-TEAD output,RNAi,PAN,B_vs_C,3,460,,,,,,,,both
MAT2A,CTRL MTAP-synth-leth,CRISPR,PAN,A_vs_C,183,838,-1.8328760689428572,-1.7458637146905218,0.08701235425233533,0.0021319268857639536,0.006799864002719946,0.022318365635197155,0.16520219083128335,both
TEAD3,YAP/TAZ-TEAD output,RNAi,PAN,B_vs_C,3,460,,,,,,,,both
PXN,FAK / focal-adhesion,RNAi,PAN,A_vs_C,45,230,-0.119907021264,-0.12334076131749999,-0.003433740053499987,0.4726296940874941,0.5248895022099558,-0.0749556514044,0.07068501932650001,both
TEAD4,YAP/TAZ-TEAD output,RNAi,PAN,B_vs_C,3,460,,,,,,,,both
MTAP,CTRL neutral,CRISPR,PAN,A_vs_C,183,838,0.0599788241769817,-0.0960712684995507,-0.1560500926765324,1.0,1.0,-0.1722544276117381,-0.13716712163864217,both
PRMT5,CTRL MTAP-synth-leth,RNAi,PAN,B_vs_C,3,460,,,,,,,,both
BCAR1,FAK / focal-adhesion,RNAi,PAN,A_vs_C,108,460,-0.1870979893535,-0.1205900131365,0.066507976217,0.012408384370605924,0.0033599328013439733,-0.00010924022957499518,0.13590483799368747,both
MAT2A,CTRL MTAP-synth-leth,RNAi,PAN,B_vs_C,3,459,,,,,,,,both
PTK2,FAK / focal-adhesion,RNAi,PAN,A_vs_C,108,458,-0.08850354574800001,-0.06749697010469999,0.021006575643300024,0.09600884207679583,0.19477610447791044,-0.03318646470803749,0.0746390631533725,both
MTAP,CTRL neutral,RNAi,PAN,B_vs_C,3,460,,,,,,,,both
YAP1,YAP/TAZ-TEAD output,RNAi,PAN,A_vs_C,109,461,-0.0310349056984,-0.0667579067305,-0.0357230010321,0.9613156700251306,0.9050418991620167,-0.0982089028829975,-0.0005367213081652865,both
PTK2,FAK / focal-adhesion,RNAi,CNS,B_vs_C,0,18,,,,,,,,both
TEAD1,YAP/TAZ-TEAD output,RNAi,PAN,A_vs_C,108,460,-0.1375613118545,-0.05410337570665,0.08345793614784999,0.0007986358622904171,0.007659846803063939,0.02103610073496874,0.16077422101804997,both
ITGAV,FAK / focal-adhesion,RNAi,CNS,B_vs_C,0,18,,,,,,,,both
PTK2,FAK / focal-adhesion,RNAi,CNS,A_vs_C,18,18,-0.198353181244,0.10699475093695,0.30534793218095,0.01911741790300437,0.008179836403271934,-0.014802482426099994,0.3748968171350375,both
TLN1,FAK / focal-adhesion,RNAi,CNS,B_vs_C,0,11,,,,,,,,both
VCL,FAK / focal-adhesion,RNAi,CNS,A_vs_C,2,7,,,,,,,,both
VCL,FAK / focal-adhesion,RNAi,CNS,B_vs_C,0,7,,,,,,,,both
WWTR1,YAP/TAZ-TEAD output,RNAi,PAN,A_vs_C,108,460,-0.131347692683,-0.11288961961499999,0.018458073068000014,0.11998546425654,0.2376552468950621,-0.027248235672703756,0.06582410016300001,both
FERMT2,FAK / focal-adhesion,RNAi,CNS,B_vs_C,0,11,,,,,,,,both
TLN1,FAK / focal-adhesion,RNAi,CNS,A_vs_C,10,11,-0.34873435693599997,-0.202368421613,0.14636593532299996,0.09633334799943599,0.1751964960700786,-0.160798242032,0.46925132235299993,both
ITGB5,FAK / focal-adhesion,RNAi,CNS,B_vs_C,0,18,,,,,,,,both
ITGAV,FAK / focal-adhesion,RNAi,CNS,A_vs_C,18,18,-0.31777136066449996,-0.03758446886584,0.28018689179865996,0.10003304528158391,0.0628187436251275,-0.20872643472150004,0.5514717296349,both
ILK,FAK / focal-adhesion,RNAi,CNS,B_vs_C,0,18,,,,,,,,both
PXN,FAK / focal-adhesion,RNAi,CNS,A_vs_C,2,7,,,,,,,,both
PXN,FAK / focal-adhesion,RNAi,CNS,B_vs_C,0,7,,,,,,,,both
FERMT2,FAK / focal-adhesion,RNAi,CNS,A_vs_C,11,11,-0.327438735692,-0.210217657263,0.11722107842899998,0.2557029609250582,0.11857762844743105,-0.21655721249528,0.6013923380341,both
BCAR1,FAK / focal-adhesion,RNAi,CNS,B_vs_C,0,18,,,,,,,,both
ILK,FAK / focal-adhesion,RNAi,PAN,A_vs_C,109,461,-0.301981162562,-0.280188820169,0.02179234239300004,0.04033941796240281,0.23387532249355014,-0.026973935658950007,0.071933984487,both
WWTR1,YAP/TAZ-TEAD output,RNAi,CNS,B_vs_C,0,18,,,,,,,,both
ITGB5,FAK / focal-adhesion,RNAi,CNS,A_vs_C,18,18,-0.1283695344765,-0.14726254074,-0.01889300626349999,0.6060074932361814,0.6391872162556749,-0.16148597694099998,0.16634109601550004,both
YAP1,YAP/TAZ-TEAD output,RNAi,CNS,B_vs_C,0,18,,,,,,,,both
TEAD2,YAP/TAZ-TEAD output,RNAi,PAN,A_vs_C,108,460,-0.09594195615994999,-0.1081923162825,-0.012250360122550014,0.806281033270889,0.8179836403271935,-0.040959073911996255,0.014330726129999985,both
TEAD1,YAP/TAZ-TEAD output,RNAi,CNS,B_vs_C,0,18,,,,,,,,both
ILK,FAK / focal-adhesion,RNAi,CNS,A_vs_C,18,18,-0.3663646354155,-0.32643921114249996,0.039925424273000054,0.2791682687540892,0.2390552188956221,-0.1016238637895,0.17250255704649997,both
TEAD2,YAP/TAZ-TEAD output,RNAi,CNS,B_vs_C,0,18,,,,,,,,both
BCAR1,FAK / focal-adhesion,RNAi,CNS,A_vs_C,18,18,-0.314175408494,-0.04612185029,0.268053558204,0.0002987044184716376,0.00041999160016799666,0.1330707155575,0.37929183826790003,both
TEAD3,YAP/TAZ-TEAD output,RNAi,CNS,B_vs_C,0,18,,,,,,,,both
TEAD1,YAP/TAZ-TEAD output,RNAi,CNS,A_vs_C,18,18,-0.43323665785550003,-0.0400930083307,0.3931436495248,0.00042211271790795464,0.0005999880002399952,0.1290033184847625,0.6924686278258,both
TEAD4,YAP/TAZ-TEAD output,RNAi,CNS,B_vs_C,0,18,,,,,,,,both
TEAD2,YAP/TAZ-TEAD output,RNAi,CNS,A_vs_C,18,18,-0.09529674433855,-0.10340764067455,-0.008110896335999998,0.653756582241916,0.5872482550348993,-0.0803629328919,0.0700926996755,both
PRMT5,CTRL MTAP-synth-leth,RNAi,CNS,B_vs_C,0,18,,,,,,,,both
TEAD3,YAP/TAZ-TEAD output,RNAi,CNS,A_vs_C,18,18,-0.14286764452700002,-0.061188434856350005,0.08167920967065001,0.10003304528158391,0.09357812843743125,-0.06808067330285003,0.1539031138164,both
MAT2A,CTRL MTAP-synth-leth,RNAi,CNS,B_vs_C,0,18,,,,,,,,both
TEAD3,YAP/TAZ-TEAD output,RNAi,PAN,A_vs_C,108,460,-0.112734509077,-0.0716338302185,0.041100678858499995,0.011853808505549405,0.011719765604687906,0.009643367886802498,0.06932238100571743,both
MTAP,CTRL neutral,RNAi,CNS,B_vs_C,0,18,,,,,,,,both
TEAD4,YAP/TAZ-TEAD output,RNAi,CNS,A_vs_C,18,18,-0.02836585744055,0.00660292238512,0.03496877982567,0.25830129111852174,0.19523609527809443,-0.091989310721315,0.14217626461178248,both
WWTR1,YAP/TAZ-TEAD output,RNAi,CNS,A_vs_C,18,18,-0.163342873064,-0.1533827622615,0.009960110802500005,0.3008223202480922,0.45805083898322035,-0.16233590265,0.2688099181366,both
YAP1,YAP/TAZ-TEAD output,RNAi,CNS,A_vs_C,18,18,-0.07987577920745001,-0.10174427498885,-0.021868495781399988,0.6060074932361814,0.5618887622247555,-0.1906074377836,0.13150626784554997,both
PRMT5,CTRL MTAP-synth-leth,RNAi,CNS,A_vs_C,18,18,-0.704368011385,-0.27214609988250005,0.4322219115025,8.205132774890338e-07,3.999920001599968e-05,0.255577695158,0.8658049154129999,both
TEAD4,YAP/TAZ-TEAD output,RNAi,PAN,A_vs_C,108,460,0.004477855605165,-0.0056556315322599995,-0.010133487137424999,0.7299881182745941,0.7361452770944581,-0.032117050562626495,0.024396787736749442,both
MAT2A,CTRL MTAP-synth-leth,RNAi,CNS,A_vs_C,18,18,-0.377238551583,-0.2314729000515,0.1457656515315,0.01911741790300437,0.04637907241855163,-0.05075588078900001,0.3794886585005,both
MTAP,CTRL neutral,RNAi,CNS,A_vs_C,18,18,-0.1497531060175,-0.08273410305465001,0.06701900296284999,0.17532256091594317,0.14517709645807084,-0.06518133252185877,0.17343132657897425,both
MTAP,CTRL neutral,CRISPR,PAN,B_vs_C,6,838,-0.07571203540326615,-0.0960712684995507,-0.02035923309628454,0.5737767290310319,0.6616867662646747,-0.1755965518922861,0.1687569424889025,both
MAT2A,CTRL MTAP-synth-leth,RNAi,PAN,A_vs_C,109,459,-0.431969683504,-0.2495441677,0.182425515804,4.990262241171218e-12,1.999960000799984e-05,0.105502846531,0.2652521435149999,both
MTAP,CTRL neutral,RNAi,PAN,A_vs_C,108,460,-0.11166038126,-0.06916695753415,0.042493423725849994,0.0019997874478294006,0.009559808803823924,0.017601215754003755,0.07500987395073125,both
PRMT5,CTRL MTAP-synth-leth,RNAi,PAN,A_vs_C,108,460,-0.784160130533,-0.2610518955505,0.5231082349825,6.343372031273727e-44,1.999960000799984e-05,0.43038068236300003,0.5834600311295,both
